, Supplier_Lead_Time, Inventory_Levels, Order_Frequency, Delivery_Performance, Cost_Per_Unit
Supplier_Lead_Time, 1.000000000, 0.515194285, -0.904761555, -0.937967157, 0.962959497
Inventory_Levels, 0.515194285, 1.000000000, -0.479409274, -0.512311294, 0.526950632
Order_Frequency, -0.904761555, -0.479409274, 1.000000000, 0.877013079, -0.867511591
Delivery_Performance, -0.937967157, -0.512311294, 0.877013079, 1.000000000, -0.915334084
Cost_Per_Unit, 0.962959497, 0.526950632, -0.867511591, -0.915334084, 1.000000000
